Year,Year.Ind,Region,Region.index,IOA,index,Pounds,scale_adult_IOA,Juve_IOA,Mean_IOA,IOA_Scale,Scale_Juve_IOA
1950,1,AL,1,,,598500,,,,,
1951,2,AL,1,,,1109100,,,,,
1952,3,AL,1,,,655300,,,,,
1953,4,AL,1,,,1087300,,,,,
1954,5,AL,1,,,971700,,,,,
1955,6,AL,1,,,1612700,,,,,
1956,7,AL,1,,,724900,,,,,
1957,8,AL,1,,,1461500,,,,,
1958,9,AL,1,,,1181600,,,,,
1959,10,AL,1,,,1093100,,,,,
1960,11,AL,1,,,498800,,,,,
1961,12,AL,1,,,838100,,,,,
1962,13,AL,1,,,634300,,,,,
1963,14,AL,1,,,1296800,,,,,
1964,15,AL,1,,,1761700,,,,,
1965,16,AL,1,,,1812200,,,,,
1966,17,AL,1,,,2182600,,,,,
1967,18,AL,1,,,2353400,,,,,
1968,19,AL,1,,,1979600,,,,,
1969,20,AL,1,,,1920000,,,,,
1970,21,AL,1,,,1407300,,,,,
1971,22,AL,1,,,1997300,,,,,
1972,23,AL,1,,,1612600,,,,,
1973,24,AL,1,,,2098500,,,,,
1974,25,AL,1,,,1825600,,,,,
1975,26,AL,1,,,1639600,,,,,
1976,27,AL,1,,,1298800,,,,,
1977,28,AL,1,,,2174200,,,,,
1978,29,AL,1,,,2008926,,,,,
1979,30,AL,1,,,1340690,,,,,
1980,31,AL,1,,,1556674,,,,,
1981,32,AL,1,,,2462333,,,,,
1982,33,AL,1,,,1266153,,,,,
1983,34,AL,1,,,1411629,,,,,
1984,35,AL,1,1.124211398,1,4216325,2,NA,1.124211398,2,NA
1985,36,AL,1,0.648085283,2,2260840,1.562744274,1.146494402,0.897289843,1.779284731,2
1986,37,AL,1,0.594620131,3,2886211,1.513643956,0.862825721,0.728722926,1.615328105,1.72782888
1987,38,AL,1,0.221849288,4,2495818,1.171305696,0.910603847,0.566226568,1.457276009,1.773670479
1988,39,AL,1,0.318280293,5,3869458,1.259864185,0.708100094,0.513190194,1.405690176,1.579374538
1989,40,AL,1,0.441197322,6,4090476,1.372746409,0.681151854,0.561174588,1.4523622,1.553518555
1990,41,AL,1,0.45093614,7,3302889,1.381690161,0.566014337,0.508475239,1.401104174,1.443047752
1991,42,AL,1,0.359968814,8,2731120,1.298149303,0.440865092,0.400416953,1.296001273,1.322971013
1992,43,AL,1,0.434928727,9,3549715,1.366989574,0.839295074,0.637111901,1.526222634,1.705251969
1993,44,AL,1,0.327743308,10,2554158,1.26855465,0.38740584,0.357574574,1.25433063,1.271678552
1994,45,AL,1,0.244519523,11,2687961,1.192125159,0.384625614,0.314572569,1.212504726,1.269011014
1995,46,AL,1,0.257618927,12,2520268,1.204155143,0.393407367,0.325513147,1.22314608,1.277436828
1996,47,AL,1,0.208093261,13,3218948,1.158672695,0.487300908,0.347697085,1.244723289,1.367524708
1997,48,AL,1,0.246221246,14,3476186,1.193687955,0.319216649,0.282718948,1.181522299,1.206253182
1998,49,AL,1,0.308325426,15,3477583,1.250722022,0.56820813,0.438266778,1.332815909,1.445152627
1999,50,AL,1,0.213169839,16,3767527,1.163334827,0.585403092,0.399286466,1.294901705,1.461650648
2000,51,AL,1,0.263992154,17,4780433,1.210008067,0.405954265,0.33497321,1.232347411,1.289475179
2001,52,AL,1,0.301139416,18,2457288,1.244122669,0.437324846,0.369232131,1.265669354,1.319574259
2002,53,AL,1,0.250025827,19,2574892,1.197181935,0.193455643,0.221740735,1.122211835,1.085589477
2003,54,AL,1,0.286383946,20,2957284,1.230571819,0.24756607,0.266975008,1.166208955,1.137506719
2004,55,AL,1,0.490961484,21,3328571,1.418447882,0.347204124,0.419082804,1.314156615,1.233106278
2005,56,AL,1,0.124161781,22,1023790,1.081593285,0.606270569,0.365216175,1.261763234,1.481672332
2006,57,AL,1,0.221467071,23,2384234,1.170954683,0.258196451,0.239831761,1.139808073,1.147706234
2007,58,AL,1,0.110194522,24,2553978,1.068766297,0.478292118,0.29424332,1.19273148,1.358881059
2008,59,AL,1,0.11789961,25,1798718,1.07584235,0.458305027,0.288102319,1.186758435,1.339704078
2009,60,AL,1,0.100102115,26,1458468,1.059497822,0.221943954,0.161023035,1.063154759,1.11292311
2010,61,AL,1,0.172045675,27,926792,1.125567993,0.104250535,0.138148105,1.040905457,1
2011,62,AL,1,0.175324634,28,1617213,1.128579261,0.126510908,0.150917771,1.053325873,1.021358123
2012,63,AL,1,0.089778224,29,1325095,1.050016762,0.324699664,0.207238944,1.108106667,1.211513961
2013,64,AL,1,0.03531516,30,1024732,1,0.187284157,0.111299659,1.014791314,1.079668132
2014,65,AL,1,0.043326783,31,1183626,1.007357563,0.148858074,0.096092429,1,1.042799522
2015,66,AL,1,0.054643698,32,1300409,1.017750578,0.326753542,0.19069862,1.092018719,1.213484592
2016,67,AL,1,0.109922277,33,1919467,1.068516278,0.314431326,0.212176802,1.112909475,1.201661816
1950,1,FL.APA,2,,,356950.6551,,,,,
1951,2,FL.APA,2,,,1083531.253,,,,,
1952,3,FL.APA,2,,,1035318.652,,,,,
1953,4,FL.APA,2,,,1645385.464,,,,,
1954,5,FL.APA,2,,,1514679.223,,,,,
1955,6,FL.APA,2,,,2584957.229,,,,,
1956,7,FL.APA,2,,,1945253.234,,,,,
1957,8,FL.APA,2,,,2766276.265,,,,,
1958,9,FL.APA,2,,,4536054.415,,,,,
1959,10,FL.APA,2,,,7250361.252,,,,,
1960,11,FL.APA,2,,,9730336.064,,,,,
1961,12,FL.APA,2,,,8937854.475,,,,,
1962,13,FL.APA,2,,,5403724.703,,,,,
1963,14,FL.APA,2,,,6860590.547,,,,,
1964,15,FL.APA,2,,,7340681.613,,,,,
1965,16,FL.APA,2,,,10747392.37,,,,,
1966,17,FL.APA,2,,,8634021.166,,,,,
1967,18,FL.APA,2,,,7292312.477,,,,,
1968,19,FL.APA,2,,,4700259.021,,,,,
1969,20,FL.APA,2,,,6044211.37,,,,,
1970,21,FL.APA,2,,,7715216.301,,,,,
1971,22,FL.APA,2,,,6406797.265,,,,,
1972,23,FL.APA,2,,,5569077.228,,,,,
1973,24,FL.APA,2,,,5008318.759,,,,,
1974,25,FL.APA,2,,,5287576.164,,,,,
1975,26,FL.APA,2,,,6682193.487,,,,,
1976,27,FL.APA,2,,,6286683.186,,,,,
1977,28,FL.APA,2,,,8260947.466,,,,,
1978,29,FL.APA,2,,,6093716.424,,,,,
1979,30,FL.APA,2,,,5843044.813,,,,,
1980,31,FL.APA,2,,,5883471.914,,,,,
1981,32,FL.APA,2,,,7715922.271,,,,,
1982,33,FL.APA,2,,,4628644.524,,,,,
1983,34,FL.APA,2,,,4872038.849,,,,,
1984,35,FL.APA,2,NA,34,259188,NA,NA,NA,NA,NA
1985,36,FL.APA,2,NA,35,2694176,NA,NA,NA,NA,NA
1986,37,FL.APA,2,NA,36,3531712,NA,NA,NA,NA,NA
1987,38,FL.APA,2,NA,37,3780698,NA,NA,NA,NA,NA
1988,39,FL.APA,2,NA,38,2837628,NA,NA,NA,NA,NA
1989,40,FL.APA,2,NA,39,2512559,NA,NA,NA,NA,NA
1990,41,FL.APA,2,NA,40,1712001,NA,NA,NA,NA,NA
1991,42,FL.APA,2,NA,41,1262596,NA,NA,NA,NA,NA
1992,43,FL.APA,2,NA,42,2071414,NA,NA,NA,NA,NA
1993,44,FL.APA,2,NA,43,1803479,NA,NA,NA,NA,NA
1994,45,FL.APA,2,NA,44,2128197,NA,NA,NA,NA,NA
1995,46,FL.APA,2,NA,45,2384422,NA,NA,NA,NA,NA
1996,47,FL.APA,2,1.175528606,46,3915910,1.852929416,NA,1.175528606,1.766634154,NA
1997,48,FL.APA,2,0.984474285,47,3645017,1.416519825,1.145868771,1.065171528,1.376552243,1.459787554
1998,49,FL.APA,2,1.239914154,48,5050553,2,1.107734431,1.173824293,1.760609876,1.365164628
1999,50,FL.APA,2,1.11951727,49,3757254,1.724987351,1.363581813,1.241549542,2,2
2000,51,FL.APA,2,1.011053885,50,2179342,1.477233408,1.232856888,1.121955387,1.577267563,1.675631598
2001,52,FL.APA,2,0.904350415,51,1583589,1.233499493,1.042582637,0.973466526,1.052400289,1.20350316
2002,53,FL.APA,2,1.012166009,52,2078787,1.479773741,1.079189185,1.045677597,1.307646559,1.294335168
2003,54,FL.APA,2,0.951277988,53,2655765,1.340692268,1.204731844,1.078004916,1.421914739,1.605844788
2004,55,FL.APA,2,1.045229067,54,2777644,1.555296951,1.096401784,1.070815426,1.396501869,1.337044875
2005,56,FL.APA,2,1.097650718,55,2777269,1.675039394,1.325161605,1.211406162,1.893451444,1.904667748
2006,57,FL.APA,2,1.104892095,56,3291546,1.691580273,1.223126415,1.164009255,1.725916417,1.651487328
2007,58,FL.APA,2,0.955762494,57,2488728,1.350935855,1.162995829,1.059379162,1.356077822,1.502285008
2008,59,FL.APA,2,0.942258318,58,966522,1.320089382,1.208336337,1.075297328,1.41234416,1.614788634
2009,60,FL.APA,2,0.802127439,59,1510212,1,1.236470995,1.019299217,1.214406243,1.6845993
2010,61,FL.APA,2,0.956716122,60,2193536,1.353114148,0.960568066,0.958642094,1,1
2011,62,FL.APA,2,0.982604799,61,3301148,1.412249513,1.174140695,1.078372747,1.42321492,1.529938819
2012,63,FL.APA,2,0.984584766,62,1860630,1.416772188,1.33769705,1.161140908,1.715777599,1.93577201
2013,64,FL.APA,2,0.989751617,63,1910515,1.428574398,1.22135512,1.105553369,1.519290941,1.647092205
2014,65,FL.APA,2,0.950881194,64,2231443,1.339785905,1.286347072,1.118614133,1.565457149,1.808357056
2015,66,FL.APA,2,0.955232912,65,2273464,1.349726174,1.224886717,1.090059815,1.46452549,1.655855174
2016,67,FL.APA,2,0.922777329,66,1574228,1.275590569,1.272341975,1.097559652,1.491035351,1.77360614
1950,1,FL.CDK,3,,,120483.0473,,,,,
1951,2,FL.CDK,3,,,365728.835,,,,,
1952,3,FL.CDK,3,,,349455.434,,,,,
1953,4,FL.CDK,3,,,555373.8362,,,,,
1954,5,FL.CDK,3,,,511256.0122,,,,,
1955,6,FL.CDK,3,,,872511.4231,,,,,
1956,7,FL.CDK,3,,,656589.4585,,,,,
1957,8,FL.CDK,3,,,933712.7956,,,,,
1958,9,FL.CDK,3,,,1531073.415,,,,,
1959,10,FL.CDK,3,,,2447244.753,,,,,
1960,11,FL.CDK,3,,,3284321.021,,,,,
1961,12,FL.CDK,3,,,3016831.397,,,,,
1962,13,FL.CDK,3,,,1823941.796,,,,,
1963,14,FL.CDK,3,,,2315683.817,,,,,
1964,15,FL.CDK,3,,,2477730.961,,,,,
1965,16,FL.CDK,3,,,3627612.288,,,,,
1966,17,FL.CDK,3,,,2914277.27,,,,,
1967,18,FL.CDK,3,,,2461404.725,,,,,
1968,19,FL.CDK,3,,,1586498.083,,,,,
1969,20,FL.CDK,3,,,2040127.939,,,,,
1970,21,FL.CDK,3,,,2604149.221,,,,,
1971,22,FL.CDK,3,,,2162513.072,,,,,
1972,23,FL.CDK,3,,,1879753.925,,,,,
1973,24,FL.CDK,3,,,1690478.774,,,,,
1974,25,FL.CDK,3,,,1784737.694,,,,,
1975,26,FL.CDK,3,,,2255468.711,,,,,
1976,27,FL.CDK,3,,,2121970.465,,,,,
1977,28,FL.CDK,3,,,2788352.143,,,,,
1978,29,FL.CDK,3,,,2056837.587,,,,,
1979,30,FL.CDK,3,,,1972227.35,,,,,
1980,31,FL.CDK,3,,,1985872.878,,,,,
1981,32,FL.CDK,3,,,2604387.51,,,,,
1982,33,FL.CDK,3,,,1562325.742,,,,,
1983,34,FL.CDK,3,,,1644479.646,,,,,
1984,35,FL.CDK,3,NA,67,33770,NA,NA,NA,NA,NA
1985,36,FL.CDK,3,NA,68,463854,NA,NA,NA,NA,NA
1986,37,FL.CDK,3,NA,69,315919,NA,NA,NA,NA,NA
1987,38,FL.CDK,3,NA,70,493856,NA,NA,NA,NA,NA
1988,39,FL.CDK,3,NA,71,485906,NA,NA,NA,NA,NA
1989,40,FL.CDK,3,NA,72,762580,NA,NA,NA,NA,NA
1990,41,FL.CDK,3,NA,73,529505,NA,NA,NA,NA,NA
1991,42,FL.CDK,3,NA,74,644732,NA,NA,NA,NA,NA
1992,43,FL.CDK,3,NA,75,1158327,NA,NA,NA,NA,NA
1993,44,FL.CDK,3,NA,76,962711,NA,NA,NA,NA,NA
1994,45,FL.CDK,3,NA,77,995163,NA,NA,NA,NA,NA
1995,46,FL.CDK,3,NA,78,813747,NA,NA,NA,NA,NA
1996,47,FL.CDK,3,0.641850222,79,1429791,1,NA,0.641850222,1,NA
1997,48,FL.CDK,3,0.87726552,80,1599556,1.351645282,1.236832838,1.057049179,1.578505016,1.136189287
1998,49,FL.CDK,3,NA,81,2063685,NA,1.304397572,1.304397572,1.923140482,1.257303966
1999,50,FL.CDK,3,NA,82,1362721,NA,NA,NA,NA,NA
2000,51,FL.CDK,3,NA,83,597456,NA,NA,NA,NA,NA
2001,52,FL.CDK,3,0.980517612,84,713491,1.505875323,NA,0.980517612,1.471872052,NA
2002,53,FL.CDK,3,1.311318319,85,690840,2,1.205454896,1.258386608,1.859032485,1.079942053
2003,54,FL.CDK,3,0.759902968,86,1225722,1.176338121,1.618807292,1.18935513,1.762849545,1.820906161
2004,55,FL.CDK,3,1.057638368,87,1353870,1.621072382,1.414306915,1.235972642,1.827802658,1.454324424
2005,56,FL.CDK,3,0.928605228,88,1125838,1.428332593,1.339713903,1.134159566,1.685944461,1.320611047
2006,57,FL.CDK,3,1.168157545,89,1026648,1.786157437,1.550963321,1.359560433,2,1.699290929
2007,58,FL.CDK,3,1.080246697,90,892974,1.654842967,1.160858621,1.120552659,1.666985685,1
2008,59,FL.CDK,3,0.96938524,91,421214,1.489246641,1.472127894,1.220756567,1.806601796,1.557972716
2009,60,FL.CDK,3,0.841932432,92,702847,1.298867431,1.593981002,1.217956717,1.802700709,1.776403238
2010,61,FL.CDK,3,0.902816093,93,977438,1.389810765,1.282683196,1.092749645,1.62824719,1.218379374
2011,62,FL.CDK,3,1.069406271,94,1083761,1.638650372,1.473436726,1.271421499,1.877194259,1.560318893
2012,63,FL.CDK,3,0.794504476,95,669168,1.228023194,1.257533814,1.026019145,1.535270249,1.173297285
2013,64,FL.CDK,3,0.818247374,96,788503,1.263488511,1.718716136,1.268481755,1.873098255,2
2014,65,FL.CDK,3,0.775966717,97,765615,1.200332914,1.258701556,1.017334137,1.523169253,1.175390548
2015,66,FL.CDK,3,0.931586206,98,769631,1.432785349,1.190350631,1.060968419,1.583965771,1.052866564
2016,67,FL.CDK,3,0.767902345,99,459089,1.188286975,1.28576012,1.026831233,1.536401747,1.223894983
1950,1,FL.CHH,4,,,135182.8991,,,,,
1951,2,FL.CHH,4,,,410350.5456,,,,,
1952,3,FL.CHH,4,,,392091.6655,,,,,
1953,4,FL.CHH,4,,,623133.6851,,,,,
1954,5,FL.CHH,4,,,573633.1498,,,,,
1955,6,FL.CHH,4,,,978964.4795,,,,,
1956,7,FL.CHH,4,,,736698.3864,,,,,
1957,8,FL.CHH,4,,,1047632.887,,,,,
1958,9,FL.CHH,4,,,1717876.063,,,,,
1959,10,FL.CHH,4,,,2745827.3,,,,,
1960,11,FL.CHH,4,,,3685033.266,,,,,
1961,12,FL.CHH,4,,,3384907.864,,,,,
1962,13,FL.CHH,4,,,2046476.623,,,,,
1963,14,FL.CHH,4,,,2598214.925,,,,,
1964,15,FL.CHH,4,,,2780033.059,,,,,
1965,16,FL.CHH,4,,,4070208.689,,,,,
1966,17,FL.CHH,4,,,3269841.35,,,,,
1967,18,FL.CHH,4,,,2761714.897,,,,,
1968,19,FL.CHH,4,,,1780062.963,,,,,
1969,20,FL.CHH,4,,,2289039.127,,,,,
1970,21,FL.CHH,4,,,2921875.312,,,,,
1971,22,FL.CHH,4,,,2426356.181,,,,,
1972,23,FL.CHH,4,,,2109098.258,,,,,
1973,24,FL.CHH,4,,,1896730.093,,,,,
1974,25,FL.CHH,4,,,2002489.321,,,,,
1975,26,FL.CHH,4,,,2530653.117,,,,,
1976,27,FL.CHH,4,,,2380867.066,,,,,
1977,28,FL.CHH,4,,,3128552.397,,,,,
1978,29,FL.CHH,4,,,2307787.479,,,,,
1979,30,FL.CHH,4,,,2212854.147,,,,,
1980,31,FL.CHH,4,,,2228164.534,,,,,
1981,32,FL.CHH,4,,,2922142.674,,,,,
1982,33,FL.CHH,4,,,1752941.413,,,,,
1983,34,FL.CHH,4,,,1845118.721,,,,,
1984,35,FL.CHH,4,NA,100,48192,NA,NA,NA,NA,NA
1985,36,FL.CHH,4,NA,101,237780,NA,NA,NA,NA,NA
1986,37,FL.CHH,4,NA,102,161686,NA,NA,NA,NA,NA
1987,38,FL.CHH,4,NA,103,159168,NA,NA,NA,NA,NA
1988,39,FL.CHH,4,NA,104,493443,NA,NA,NA,NA,NA
1989,40,FL.CHH,4,NA,105,166422,NA,NA,NA,NA,NA
1990,41,FL.CHH,4,NA,106,68173,NA,NA,NA,NA,NA
1991,42,FL.CHH,4,NA,107,349365,NA,NA,NA,NA,NA
1992,43,FL.CHH,4,NA,108,406596,NA,NA,NA,NA,NA
1993,44,FL.CHH,4,NA,109,59123,NA,NA,NA,NA,NA
1994,45,FL.CHH,4,NA,110,75534,NA,NA,NA,NA,NA
1995,46,FL.CHH,4,NA,111,1254320,NA,NA,NA,NA,NA
1996,47,FL.CHH,4,1.225024374,112,3371688,1.987971579,NA,1.225024374,1.774251633,NA
1997,48,FL.CHH,4,1.041447352,113,2184472,1.587546416,1.139387322,1.090417337,1.482535478,1.449356856
1998,49,FL.CHH,4,1.158068676,114,3648354,1.841925271,1.095327277,1.126697977,1.561161745,1.399397963
1999,50,FL.CHH,4,1.02999768,115,3676026,1.562571957,1.625013804,1.327505742,1.996346045,2
2000,51,FL.CHH,4,1.165703193,116,1670742,1.858577969,1.326490518,1.246096856,1.819919257,1.661509809
2001,52,FL.CHH,4,0.900717074,117,707980,1.280580197,1.180514875,1.040615975,1.374607525,1.49599065
2002,53,FL.CHH,4,0.805869922,118,1228197,1.073695992,1.065536537,0.93570323,1.14724391,1.365618778
2003,54,FL.CHH,4,0.784330566,119,1788338,1.026713531,1.162728891,0.973529729,1.229220314,1.475823442
2004,55,FL.CHH,4,1.074236449,120,2376028,1.659067238,0.869642327,0.971939388,1.225773777,1.143497852
2005,56,FL.CHH,4,1.104165526,121,1983914,1.724349676,1.496155378,1.300160452,1.937084189,1.853889746
2006,57,FL.CHH,4,0.976927979,122,2180160,1.446814313,1.117915682,1.047421831,1.389356963,1.425010549
2007,58,FL.CHH,4,0.868215062,123,1327682,1.209685575,1.051073033,0.959644048,1.199127701,1.349218871
2008,59,FL.CHH,4,0.815168202,124,539354,1.093977753,1.123599768,0.969383985,1.220235787,1.431455632
2009,60,FL.CHH,4,0.772083607,125,468686,1,0.963436882,0.867760245,1,1.249849813
2010,61,FL.CHH,4,1.040799119,126,1451564,1.586132466,0.743087846,0.891943483,1.052409156,1
2011,62,FL.CHH,4,1.076913332,127,1340944,1.664906157,1.037856597,1.057384965,1.410948756,1.334232991
2012,63,FL.CHH,4,1.230538867,128,865511,2,1.427844717,1.329191792,2,1.776433514
2013,64,FL.CHH,4,0.879903446,129,1090994,1.235180722,1.187758627,1.033831037,1.35990342,1.50420421
2014,65,FL.CHH,4,0.776465486,130,623807,1.009557921,1.253691195,1.015078341,1.319263165,1.578963964
2015,66,FL.CHH,4,0.888715709,131,1058246,1.254402364,1.224223242,1.056469476,1.408964736,1.545550782
2016,67,FL.CHH,4,0.853013435,132,975824,1.17652721,1.413648855,1.133331145,1.575536939,1.760337081
1950,1,FL.TMB,5,,,71483.39853,,,,,
1951,2,FL.TMB,5,,,216989.3662,,,,,
1952,3,FL.TMB,5,,,207334.2484,,,,,
1953,4,FL.TMB,5,,,329507.0149,,,,,
1954,5,FL.TMB,5,,,303331.6147,,,,,
1955,6,FL.TMB,5,,,517666.8684,,,,,
1956,7,FL.TMB,5,,,389558.9213,,,,,
1957,8,FL.TMB,5,,,553978.0524,,,,,
1958,9,FL.TMB,5,,,908396.107,,,,,
1959,10,FL.TMB,5,,,1451966.695,,,,,
1960,11,FL.TMB,5,,,1948609.649,,,,,
1961,12,FL.TMB,5,,,1789906.264,,,,,
1962,13,FL.TMB,5,,,1082156.878,,,,,
1963,14,FL.TMB,5,,,1373910.711,,,,,
1964,15,FL.TMB,5,,,1470054.367,,,,,
1965,16,FL.TMB,5,,,2152286.656,,,,,
1966,17,FL.TMB,5,,,1729060.214,,,,,
1967,18,FL.TMB,5,,,1460367.901,,,,,
1968,19,FL.TMB,5,,,941279.9332,,,,,
1969,20,FL.TMB,5,,,1210421.564,,,,,
1970,21,FL.TMB,5,,,1545059.166,,,,,
1971,22,FL.TMB,5,,,1283033.483,,,,,
1972,23,FL.TMB,5,,,1115270.588,,,,,
1973,24,FL.TMB,5,,,1002972.374,,,,,
1974,25,FL.TMB,5,,,1058896.822,,,,,
1975,26,FL.TMB,5,,,1338184.685,,,,,
1976,27,FL.TMB,5,,,1258979.283,,,,,
1977,28,FL.TMB,5,,,1654347.993,,,,,
1978,29,FL.TMB,5,,,1220335.51,,,,,
1979,30,FL.TMB,5,,,1170135.69,,,,,
1980,31,FL.TMB,5,,,1178231.673,,,,,
1981,32,FL.TMB,5,,,1545200.545,,,,,
1982,33,FL.TMB,5,,,926938.3217,,,,,
1983,34,FL.TMB,5,,,975680.7832,,,,,
1984,35,FL.TMB,5,NA,133,10656,NA,NA,NA,NA,NA
1985,36,FL.TMB,5,NA,134,75514,NA,NA,NA,NA,NA
1986,37,FL.TMB,5,NA,135,120486,NA,NA,NA,NA,NA
1987,38,FL.TMB,5,NA,136,197514,NA,NA,NA,NA,NA
1988,39,FL.TMB,5,NA,137,227883,NA,NA,NA,NA,NA
1989,40,FL.TMB,5,NA,138,182470,NA,NA,NA,NA,NA
1990,41,FL.TMB,5,NA,139,278581,NA,NA,NA,NA,NA
1991,42,FL.TMB,5,NA,140,168539,NA,NA,NA,NA,NA
1992,43,FL.TMB,5,NA,141,300036,NA,NA,NA,NA,NA
1993,44,FL.TMB,5,NA,142,463676,NA,NA,NA,NA,NA
1994,45,FL.TMB,5,NA,143,351778,NA,NA,NA,NA,NA
1995,46,FL.TMB,5,NA,144,610783,NA,NA,NA,NA,NA
1996,47,FL.TMB,5,1.121270224,145,1138425,1.705379645,NA,1.121270224,1.638088077,NA
1997,48,FL.TMB,5,0.923504053,146,639505,1.281851266,1.079331915,1.001417984,1.314737457,1.452447867
1998,49,FL.TMB,5,1.258842917,147,858511,2,1.034247614,1.146545266,1.706277879,1.372425607
1999,50,FL.TMB,5,1.228202569,148,949524,1.934381816,1.282628408,1.255415489,2,1.813288436
2000,51,FL.TMB,5,1.051502578,149,642546,1.555967954,1.141019568,1.096261073,1.570615625,1.561940202
2001,52,FL.TMB,5,0.934135436,150,574811,1.304619025,0.907062648,0.920599042,1.096695183,1.146678989
2002,53,FL.TMB,5,0.967243169,151,713642,1.375521264,1.02408347,0.99566332,1.299211889,1.354384786
2003,54,FL.TMB,5,1.035178077,152,775522,1.521008034,0.960805008,0.997991543,1.305493226,1.242068848
2004,55,FL.TMB,5,1.039589977,153,777646,1.530456389,1.354705595,1.197147786,1.842798951,1.941221648
2005,56,FL.TMB,5,1.094100887,154,874781,1.647194844,1.233597907,1.163849397,1.752962876,1.726261879
2006,57,FL.TMB,5,1.133021017,155,1521757,1.730544688,1.284973359,1.208997188,1.874767577,1.817450601
2007,58,FL.TMB,5,0.980509384,156,1094472,1.403931677,1.153882266,1.067195825,1.492200187,1.584770814
2008,59,FL.TMB,5,0.965130372,157,303734,1.37099658,1.218095191,1.091612782,1.558074952,1.698745375
2009,60,FL.TMB,5,0.791893874,158,285037,1,1.099346609,0.945620242,1.164200142,1.487972895
2010,61,FL.TMB,5,0.945092403,159,678370,1.328084041,0.824424146,0.884758275,1,1
2011,62,FL.TMB,5,0.975012685,160,606610,1.392160159,1.160130204,1.067571445,1.493213576,1.595860575
2012,63,FL.TMB,5,0.940062128,161,518757,1.317311399,1.387821142,1.163941635,1.753211726,2
2013,64,FL.TMB,5,1.085401175,162,503943,1.628563877,1.238540653,1.161970914,1.747894897,1.735034993
2014,65,FL.TMB,5,0.917614849,163,581061,1.269239175,1.313130158,1.115372504,1.622176556,1.867427437
2015,66,FL.TMB,5,1.061853433,164,358954,1.578134944,1.241654558,1.151753996,1.720330567,1.74056201
2016,67,FL.TMB,5,1.052076995,165,489511,1.557198103,1.222470103,1.137273549,1.681263616,1.706510613
1950,1,LA.Barataria,6,,,2346045.6,,,,,
1951,2,LA.Barataria,6,,,1559036.3,,,,,
1952,3,LA.Barataria,6,,,1312768.1,,,,,
1953,4,LA.Barataria,6,,,1455520.6,,,,,
1954,5,LA.Barataria,6,,,1268232.9,,,,,
1955,6,LA.Barataria,6,,,1935204.8,,,,,
1956,7,LA.Barataria,6,,,1682993.8,,,,,
1957,8,LA.Barataria,6,,,1532132.6,,,,,
1958,9,LA.Barataria,6,,,1671197.7,,,,,
1959,10,LA.Barataria,6,,,1713101.6,,,,,
1960,11,LA.Barataria,6,,,1798896.3,,,,,
1961,12,LA.Barataria,6,,,2131872.1,,,,,
1962,13,LA.Barataria,6,,,1704617,,,,,
1963,14,LA.Barataria,6,,,1428760.1,,,,,
1964,15,LA.Barataria,6,,,1018814.3,,,,,
1965,16,LA.Barataria,6,,,1661836,,,,,
1966,17,LA.Barataria,6,,,1429422.4,,,,,
1967,18,LA.Barataria,6,,,1353007.3,,,,,
1968,19,LA.Barataria,6,,,1709593.2,,,,,
1969,20,LA.Barataria,6,,,2076740.1,,,,,
1970,21,LA.Barataria,6,,,1835501.8,,,,,
1971,22,LA.Barataria,6,,,2181258.2,,,,,
1972,23,LA.Barataria,6,,,2699803.3,,,,,
1973,24,LA.Barataria,6,,,4131320,,,,,
1974,25,LA.Barataria,6,,,3694542.1,,,,,
1975,26,LA.Barataria,6,,,3068740.2,,,,,
1976,27,LA.Barataria,6,,,2722769,,,,,
1977,28,LA.Barataria,6,,,2891619.7,,,,,
1978,29,LA.Barataria,6,,,2698279.652,,,,,
1979,30,LA.Barataria,6,,,3818706.166,,,,,
1980,31,LA.Barataria,6,,,3254706.88,,,,,
1981,32,LA.Barataria,6,,,2906358.918,,,,,
1982,33,LA.Barataria,6,,,3093880.75,,,,,
1983,34,LA.Barataria,6,,,3511264.179,,,,,
1984,35,LA.Barataria,6,0.878630993,166,5454549.4,2,NA,0.878630993,1.96671901,NA
1985,36,LA.Barataria,6,0.745528561,167,5497175.3,1.836130488,1.05820244,0.901865501,2,1.876438766
1986,37,LA.Barataria,6,0.638950804,168,5821755.1,1.70491692,0.941164887,0.790057846,1.839847288,1.752445315
1987,38,LA.Barataria,6,0.704090377,169,9640321.4,1.785113727,0.69991671,0.702003544,1.713718758,1.496859025
1988,39,LA.Barataria,6,0.312558372,170,9863092.4,1.303077766,0.596792865,0.454675619,1.359447507,1.387606216
1989,40,LA.Barataria,6,0.339945113,171,6149426,1.336795045,0.460370484,0.400157799,1.281356461,1.243075838
1990,41,LA.Barataria,6,0.783139808,172,7161682.8,1.882435703,0.230930937,0.507035373,1.43444735,1
1991,42,LA.Barataria,6,0.725625257,173,9408751.5,1.811626467,0.274593892,0.500109575,1.424526872,1.046257977
1992,43,LA.Barataria,6,0.298505076,174,9529608,1.285776003,1.174832023,0.73666855,1.763372735,2
1993,44,LA.Barataria,6,0.363628038,175,8443541.3,1.365952359,0.622585638,0.493106838,1.414496188,1.414931932
1994,45,LA.Barataria,6,0.337260172,176,6752486.8,1.333489471,0.682854365,0.510057269,1.438775898,1.478782613
1995,46,LA.Barataria,6,0.10829572,177,6798413.3,1.051599107,0.679965972,0.394130846,1.272723484,1.475722554
1996,47,LA.Barataria,6,0.112593057,178,7348706.2,1.056889788,0.49563753,0.304115294,1.143785669,1.280438911
1997,48,LA.Barataria,6,0.154239369,179,8000246.4,1.108162787,0.59993266,0.377086015,1.248308556,1.390932618
1998,49,LA.Barataria,6,0.444021878,180,8007693.6,1.464929509,0.659430286,0.551726082,1.498462092,1.453966369
1999,50,LA.Barataria,6,0.618778241,181,6823125.1,1.6800814,0.77291078,0.695844511,1.704896591,1.574191354
2000,51,LA.Barataria,6,0.397946822,182,7241904.9,1.408204047,0.415895589,0.406921206,1.29104433,1.195957664
2001,52,LA.Barataria,6,0.22911088,183,6516046.3,1.200341102,0.351694985,0.290402933,1.124144154,1.127941423
2002,53,LA.Barataria,6,0.614532118,184,10632772.6,1.674853771,0.494419814,0.554475966,1.502401012,1.279148823
2003,54,LA.Barataria,6,0.110078089,185,8664486.3,1.053793476,0.611849268,0.360963679,1.225215004,1.403557467
2004,55,LA.Barataria,6,0.23265081,186,9876462.8,1.204699299,0.427629242,0.330140026,1.181063362,1.208388684
2005,56,LA.Barataria,6,0.787643893,187,8609277.3,1.887980922,0.913633602,0.850638748,1.926623062,1.723277762
2006,57,LA.Barataria,6,0.693250194,188,10893182.8,1.771767798,1.033421819,0.863336007,1.94481055,1.850185357
2007,58,LA.Barataria,6,0.493630916,189,9028465.4,1.526005845,0.693348572,0.593489744,1.558284147,1.489900522
2008,59,LA.Barataria,6,0.428225747,190,8548772.3,1.445482048,0.860990961,0.644608354,1.631506182,1.667506409
2009,60,LA.Barataria,6,0.439299487,191,9647700.4,1.459115521,0.692906401,0.566102944,1.519055435,1.489432072
2010,61,LA.Barataria,6,0.445923841,192,4944739.2,1.467271117,0.75497624,0.600450041,1.568254041,1.55519091
2011,62,LA.Barataria,6,0.371232704,193,6893568.8,1.375314869,0.55743302,0.464332862,1.373280492,1.345907095
2012,63,LA.Barataria,6,0.435591238,194,7216731.4,1.454550098,0.391009785,0.413300512,1.300182016,1.169592821
2013,64,LA.Barataria,6,0.174137561,195,6675628.9,1.132660513,0.233330413,0.203733987,1,1.002542084
2014,65,LA.Barataria,6,0.096782503,196,6603282.4,1.03742457,0.349925646,0.223354075,1.028103713,1.126066927
2015,66,LA.Barataria,6,0.066384528,197,5846117.7,1,0.358137309,0.212260919,1.012213934,1.134766634
2016,67,LA.Barataria,6,0.464844625,198,6184327.3,1.490565505,0.406906242,0.435875434,1.332518218,1.186434053
1950,1,LA.Calcasieu,7,,,663183.84,,,,,
1951,2,LA.Calcasieu,7,,,440710.82,,,,,
1952,3,LA.Calcasieu,7,,,371095.34,,,,,
1953,4,LA.Calcasieu,7,,,411448.84,,,,,
1954,5,LA.Calcasieu,7,,,358506.06,,,,,
1955,6,LA.Calcasieu,7,,,547046.72,,,,,
1956,7,LA.Calcasieu,7,,,475751.32,,,,,
1957,8,LA.Calcasieu,7,,,433105.64,,,,,
1958,9,LA.Calcasieu,7,,,472416.78,,,,,
1959,10,LA.Calcasieu,7,,,484262.24,,,,,
1960,11,LA.Calcasieu,7,,,508514.82,,,,,
1961,12,LA.Calcasieu,7,,,602640.94,,,,,
1962,13,LA.Calcasieu,7,,,481863.8,,,,,
1963,14,LA.Calcasieu,7,,,403884.14,,,,,
1964,15,LA.Calcasieu,7,,,288000.02,,,,,
1965,16,LA.Calcasieu,7,,,469770.4,,,,,
1966,17,LA.Calcasieu,7,,,404071.36,,,,,
1967,18,LA.Calcasieu,7,,,382470.22,,,,,
1968,19,LA.Calcasieu,7,,,483270.48,,,,,
1969,20,LA.Calcasieu,7,,,587056.14,,,,,
1970,21,LA.Calcasieu,7,,,518862.52,,,,,
1971,22,LA.Calcasieu,7,,,616601.48,,,,,
1972,23,LA.Calcasieu,7,,,763184.62,,,,,
1973,24,LA.Calcasieu,7,,,1167848,,,,,
1974,25,LA.Calcasieu,7,,,1044378.94,,,,,
1975,26,LA.Calcasieu,7,,,867476.28,,,,,
1976,27,LA.Calcasieu,7,,,769676.6,,,,,
1977,28,LA.Calcasieu,7,,,817407.58,,,,,
1978,29,LA.Calcasieu,7,,,762753.9128,,,,,
1979,30,LA.Calcasieu,7,,,1079477.832,,,,,
1980,31,LA.Calcasieu,7,,,920045.632,,,,,
1981,32,LA.Calcasieu,7,,,821574.0852,,,,,
1982,33,LA.Calcasieu,7,,,874583.05,,,,,
1983,34,LA.Calcasieu,7,,,992569.6506,,,,,
1984,35,LA.Calcasieu,7,0.71384646,199,2002729.3,1.728062206,NA,0.71384646,1.74031349,NA
1985,36,LA.Calcasieu,7,0.903302775,200,2018380.2,1.950243946,0.905466999,0.904384887,1.986582187,1.850118048
1986,37,LA.Calcasieu,7,0.788064801,201,2137555.1,1.81510053,0.99226031,0.890162556,1.96819999,1.945848299
1987,38,LA.Calcasieu,7,0.482473181,202,3539605.8,1.456723044,0.744411131,0.613442156,1.610542096,1.672478567
1988,39,LA.Calcasieu,7,0.415097631,203,3621399.9,1.377709489,0.504164073,0.459630852,1.411742777,1.407493732
1989,40,LA.Calcasieu,7,0.479077457,204,2257865,1.452740765,0.572040671,0.525559064,1.496954223,1.482359453
1990,41,LA.Calcasieu,7,0.482248469,205,2629532,1.456459516,0.563211801,0.522730135,1.493297866,1.472621491
1991,42,LA.Calcasieu,7,0.633279973,206,3454581,1.633579199,0.690935986,0.66210798,1.673442107,1.61349719
1992,43,LA.Calcasieu,7,0.504636934,207,3498955.5,1.482715216,0.715704769,0.610170852,1.606313974,1.640816366
1993,44,LA.Calcasieu,7,0.514209564,208,3100187.9,1.493941359,0.616307219,0.565258392,1.548265142,1.531184042
1994,45,LA.Calcasieu,7,0.451224796,209,2479288.9,1.42007702,0.646345422,0.548785109,1.526973616,1.564315221
1995,46,LA.Calcasieu,7,0.208868894,210,2496151.5,1.13585817,0.627730767,0.418299831,1.358322914,1.543783851
1996,47,LA.Calcasieu,7,0.476937681,211,2698200.8,1.450231378,0.631048088,0.553992885,1.533704606,1.54744275
1997,48,LA.Calcasieu,7,0.602533534,212,2937424.7,1.597521824,0.682778319,0.642655927,1.648300555,1.604499543
1998,49,LA.Calcasieu,7,0.203653006,213,2940159.1,1.129741324,1.041356655,0.622504831,1.622255498,2
1999,50,LA.Calcasieu,7,0.376197712,214,1724292.9,1.332090256,0.73254771,0.554372711,1.534195527,1.659393593
2000,51,LA.Calcasieu,7,0.400562707,215,1268326.5,1.360663899,0.443554612,0.42205866,1.363181157,1.340643432
2001,52,LA.Calcasieu,7,0.254217468,216,875154.7,1.189039955,0.525579587,0.389898528,1.321614561,1.431114361
2002,53,LA.Calcasieu,7,0.290205146,217,1347867.8,1.231243906,0.554980372,0.422592759,1.363871473,1.463542488
2003,54,LA.Calcasieu,7,0.168279292,218,1106446.1,1.08825739,0.302241669,0.235260481,1.121746686,1.184779767
2004,55,LA.Calcasieu,7,0.299443527,219,1275018.1,1.242078063,0.2041576,0.251800564,1.143124551,1.076596171
2005,56,LA.Calcasieu,7,0.405671484,220,1011858.5,1.366655132,0.514767404,0.460219444,1.412503526,1.419188868
2006,57,LA.Calcasieu,7,0.814123729,221,2093420.5,1.845660704,0.654243706,0.734183718,1.766599159,1.573026776
2007,58,LA.Calcasieu,7,0.945730198,222,2956320,2,0.883802335,0.914766267,2,1.826222615
2008,59,LA.Calcasieu,7,0.42950713,223,2532108.3,1.394607989,0.643944316,0.536725723,1.511387,1.561666878
2009,60,LA.Calcasieu,7,0.636127648,224,2847693.7,1.636918762,0.707901698,0.672014673,1.686246392,1.632209828
2010,61,LA.Calcasieu,7,0.153321355,225,2044801,1.070715718,0.39965873,0.276490043,1.175035415,1.292227675
2011,62,LA.Calcasieu,7,0.261703595,226,2074357.4,1.197819186,0.134712099,0.198207847,1.073856588,1
2012,63,LA.Calcasieu,7,0.164497624,227,2310765.5,1.083822502,0.311150172,0.237823898,1.125059873,1.194605562
2013,64,LA.Calcasieu,7,0.093902665,228,1414888.9,1.001033438,0.188227143,0.141064904,1,1.059025385
2014,65,LA.Calcasieu,7,0.093021443,229,1674920.2,1,0.247586747,0.170304095,1.037791314,1.124497133
2015,66,LA.Calcasieu,7,0.316442374,230,1874018.6,1.262013178,0.340442884,0.328442629,1.242183527,1.226914488
2016,67,LA.Calcasieu,7,0.202076046,231,1862630.1,1.127891971,0.147358856,0.174717451,1.043495525,1.013948969
1950,1,LA.Pontchartrain,8,,,3486302.4,,,,,
1951,2,LA.Pontchartrain,8,,,2316780.2,,,,,
1952,3,LA.Pontchartrain,8,,,1950817.4,,,,,
1953,4,LA.Pontchartrain,8,,,2162952.4,,,,,
1954,5,LA.Pontchartrain,8,,,1884636.6,,,,,
1955,6,LA.Pontchartrain,8,,,2875779.2,,,,,
1956,7,LA.Pontchartrain,8,,,2500985.2,,,,,
1957,8,LA.Pontchartrain,8,,,2276800.4,,,,,
1958,9,LA.Pontchartrain,8,,,2483455.8,,,,,
1959,10,LA.Pontchartrain,8,,,2545726.4,,,,,
1960,11,LA.Pontchartrain,8,,,2673220.2,,,,,
1961,12,LA.Pontchartrain,8,,,3168033.4,,,,,
1962,13,LA.Pontchartrain,8,,,2533118,,,,,
1963,14,LA.Pontchartrain,8,,,2123185.4,,,,,
1964,15,LA.Pontchartrain,8,,,1513992.2,,,,,
1965,16,LA.Pontchartrain,8,,,2469544,,,,,
1966,17,LA.Pontchartrain,8,,,2124169.6,,,,,
1967,18,LA.Pontchartrain,8,,,2010614.2,,,,,
1968,19,LA.Pontchartrain,8,,,2540512.8,,,,,
1969,20,LA.Pontchartrain,8,,,3086105.4,,,,,
1970,21,LA.Pontchartrain,8,,,2727617.2,,,,,
1971,22,LA.Pontchartrain,8,,,3241422.8,,,,,
1972,23,LA.Pontchartrain,8,,,4011998.2,,,,,
1973,24,LA.Pontchartrain,8,,,6139280,,,,,
1974,25,LA.Pontchartrain,8,,,5490213.4,,,,,
1975,26,LA.Pontchartrain,8,,,4560250.8,,,,,
1976,27,LA.Pontchartrain,8,,,4046126,,,,,
1977,28,LA.Pontchartrain,8,,,4297043.8,,,,,
1978,29,LA.Pontchartrain,8,,,4009734.008,,,,,
1979,30,LA.Pontchartrain,8,,,5674725.364,,,,,
1980,31,LA.Pontchartrain,8,,,4836603.52,,,,,
1981,32,LA.Pontchartrain,8,,,4318946.772,,,,,
1982,33,LA.Pontchartrain,8,,,4597610.5,,,,,
1983,34,LA.Pontchartrain,8,,,5217856.266,,,,,
1984,35,LA.Pontchartrain,8,0.616741305,232,7878631.8,1.573296727,NA,0.616741305,1.471810101,NA
1985,36,LA.Pontchartrain,8,0.520521232,233,7940201.4,1.459738944,0.760468784,0.640495008,1.504632436,1.618924505
1986,37,LA.Pontchartrain,8,0.655694966,234,8409029.3,1.619269373,0.642612242,0.649153604,1.51659669,1.44566871
1987,38,LA.Pontchartrain,8,0.649525672,235,13924622.9,1.611988446,0.463421208,0.55647344,1.388533316,1.182247737
1988,39,LA.Pontchartrain,8,0.378184017,236,14246396.6,1.291754261,0.820398063,0.59929104,1.447697716,1.707023941
1989,40,LA.Pontchartrain,8,0.344648086,237,8882322,1.252175555,0.575171961,0.459910024,1.255104151,1.346527676
1990,41,LA.Pontchartrain,8,0.71732219,238,10344440.6,1.692001088,0.546271206,0.631796698,1.492613306,1.304041929
1991,42,LA.Pontchartrain,8,0.978296622,239,13590139.9,2,1.019693823,0.998995223,2,2
1992,43,LA.Pontchartrain,8,0.410470456,240,13764706.8,1.329858331,0.746077209,0.578273833,1.41865661,1.597768074
1993,44,LA.Pontchartrain,8,0.315620191,241,12195976.1,1.217917179,0.560839417,0.438229804,1.225146909,1.325458024
1994,45,LA.Pontchartrain,8,0.248575704,242,9753391.8,1.138792075,0.785317341,0.516946523,1.333915907,1.655453292
1995,46,LA.Pontchartrain,8,0.252502722,243,9819728.7,1.143426695,0.543986534,0.398244628,1.169896289,1.300683331
1996,47,LA.Pontchartrain,8,0.141627417,244,10614580,1.012572983,0.570400258,0.356013838,1.111542729,1.339513002
1997,48,LA.Pontchartrain,8,0.382732927,245,11555674.2,1.29712283,0.483776891,0.433254909,1.21827271,1.212171745
1998,49,LA.Pontchartrain,8,0.528482301,246,11566431.2,1.469134503,0.616140738,0.57231152,1.41041802,1.406754099
1999,50,LA.Pontchartrain,8,0.346199229,247,12323965.3,1.254006195,0.518985658,0.432592444,1.217357331,1.263930627
2000,51,LA.Pontchartrain,8,0.211131575,248,13685486.5,1.094600961,0.339447934,0.275289755,1,1
2001,52,LA.Pontchartrain,8,0.263956371,249,11012445.7,1.156944155,0.538339105,0.401147738,1.173907741,1.292381291
2002,53,LA.Pontchartrain,8,0.340884939,250,13234605.4,1.247734334,0.556623918,0.448754429,1.2396896,1.319261002
2003,54,LA.Pontchartrain,8,0.325871928,251,12690346.3,1.230016157,0.64423634,0.485054134,1.289847719,1.448056226
2004,55,LA.Pontchartrain,8,0.358772155,252,11722968,1.268844613,0.602101895,0.480437025,1.283467901,1.386116205
2005,56,LA.Pontchartrain,8,0.161616606,253,10076606.3,1.036163985,0.824098069,0.492857338,1.300630011,1.712463159
2006,57,LA.Pontchartrain,8,0.837293457,254,14165990.6,1.833589746,0.677719688,0.757506573,1.666316394,1.497278645
2007,58,LA.Pontchartrain,8,0.287103672,255,11944724.7,1.184262324,0.524461344,0.405782508,1.180311962,1.271980196
2008,59,LA.Pontchartrain,8,0.254275136,256,11071033.5,1.145518477,0.451641832,0.352958484,1.107320909,1.164931387
2009,60,LA.Pontchartrain,8,0.397941301,257,14057782.1,1.315071572,0.531633729,0.464787515,1.261843759,1.282524008
2010,61,LA.Pontchartrain,8,0.485852077,258,8145696.8,1.418822821,0.667301233,0.576576655,1.416311488,1.481962926
2011,62,LA.Pontchartrain,8,0.28915247,259,11626539,1.186680291,0.608517774,0.448835122,1.2398011,1.39554791
2012,63,LA.Pontchartrain,8,0.198937585,260,12280807.5,1.080209759,0.552334992,0.375636289,1.138656592,1.312956038
2013,64,LA.Pontchartrain,8,0.130974045,261,10388584,1,0.601918164,0.366446105,1.125957802,1.38584611
2014,65,LA.Pontchartrain,8,0.152363471,262,11451872.1,1.025243545,0.681665069,0.41701427,1.195831759,1.503078579
2015,66,LA.Pontchartrain,8,0.147221686,263,10940631.8,1.019175272,0.503176511,0.325199099,1.068963613,1.240690285
2016,67,LA.Pontchartrain,8,0.318128081,264,10625832.2,1.220876961,0.425773838,0.37195096,1.133564287,1.12690397
1950,1,LA.Terrebonne,9,,,3484991.76,,,,,
1951,2,LA.Terrebonne,9,,,2315909.23,,,,,
1952,3,LA.Terrebonne,9,,,1950084.01,,,,,
1953,4,LA.Terrebonne,9,,,2162139.26,,,,,
1954,5,LA.Terrebonne,9,,,1883928.09,,,,,
1955,6,LA.Terrebonne,9,,,2874698.08,,,,,
1956,7,LA.Terrebonne,9,,,2500044.98,,,,,
1957,8,LA.Terrebonne,9,,,2275944.46,,,,,
1958,9,LA.Terrebonne,9,,,2482522.17,,,,,
1959,10,LA.Terrebonne,9,,,2544769.36,,,,,
1960,11,LA.Terrebonne,9,,,2672215.23,,,,,
1961,12,LA.Terrebonne,9,,,3166842.41,,,,,
1962,13,LA.Terrebonne,9,,,2532165.7,,,,,
1963,14,LA.Terrebonne,9,,,2122387.21,,,,,
1964,15,LA.Terrebonne,9,,,1513423.03,,,,,
1965,16,LA.Terrebonne,9,,,2468615.6,,,,,
1966,17,LA.Terrebonne,9,,,2123371.04,,,,,
1967,18,LA.Terrebonne,9,,,2009858.33,,,,,
1968,19,LA.Terrebonne,9,,,2539557.72,,,,,
1969,20,LA.Terrebonne,9,,,3084945.21,,,,,
1970,21,LA.Terrebonne,9,,,2726591.78,,,,,
1971,22,LA.Terrebonne,9,,,3240204.22,,,,,
1972,23,LA.Terrebonne,9,,,4010489.93,,,,,
1973,24,LA.Terrebonne,9,,,6136972,,,,,
1974,25,LA.Terrebonne,9,,,5488149.41,,,,,
1975,26,LA.Terrebonne,9,,,4558536.42,,,,,
1976,27,LA.Terrebonne,9,,,4044604.9,,,,,
1977,28,LA.Terrebonne,9,,,4295428.37,,,,,
1978,29,LA.Terrebonne,9,,,4008226.589,,,,,
1979,30,LA.Terrebonne,9,,,5672592.009,,,,,
1980,31,LA.Terrebonne,9,,,4834785.248,,,,,
1981,32,LA.Terrebonne,9,,,4317323.108,,,,,
1982,33,LA.Terrebonne,9,,,4595882.075,,,,,
1983,34,LA.Terrebonne,9,,,5215894.666,,,,,
1984,35,LA.Terrebonne,9,0.839791298,265,8071846.9,1.798999936,NA,0.839791298,1.770700784,NA
1985,36,LA.Terrebonne,9,0.838343589,266,8134926.4,1.797294415,1.067635315,0.952989452,2,1.709752905
1986,37,LA.Terrebonne,9,0.622485624,267,8615251.8,1.542995796,1.104055024,0.863270324,1.818260943,1.751828641
1987,38,LA.Terrebonne,9,0.389917193,268,14266109.5,1.26901086,0.954288458,0.672102826,1.431023555,1.578803136
1988,39,LA.Terrebonne,9,0.546487951,269,14595774.4,1.453464222,1.027040973,0.786764462,1.663287266,1.66285421
1989,40,LA.Terrebonne,9,0.650421574,270,9100151.5,1.575906666,1.121583741,0.886002658,1.86430857,1.77207959
1990,41,LA.Terrebonne,9,0.769034861,271,10598127.1,1.715642974,1.088866823,0.928950842,1.951306322,1.734281693
1991,42,LA.Terrebonne,9,0.5742114,272,13923423.7,1.486124749,1.10806167,0.841136535,1.773425756,1.756457524
1992,43,LA.Terrebonne,9,0.495579223,273,14102271.7,1.393489511,1.075367578,0.785473401,1.660672035,1.718685998
1993,44,LA.Terrebonne,9,0.519257124,274,12495069.4,1.421384045,1.065461341,0.792359233,1.674620283,1.70724131
1994,45,LA.Terrebonne,9,0.388854108,275,9992583.4,1.267758457,1.318865969,0.853860039,1.799199051,2
1995,46,LA.Terrebonne,9,0.168309044,276,10060547.2,1.007938046,1.204001279,0.686155162,1.459488592,1.867296677
1996,47,LA.Terrebonne,9,0.16157094,277,10874891.3,1,1.028462835,0.595016888,1.27487485,1.664496889
1997,48,LA.Terrebonne,9,0.308625829,278,11839064.9,1.173242878,1.054284382,0.681455106,1.44996795,1.694328555
1998,49,LA.Terrebonne,9,0.344845814,279,11850085.6,1.21591303,0.744960159,0.544902987,1.173361903,1.336965886
1999,50,LA.Terrebonne,9,0.370359486,280,12604429.6,1.245970256,0.774892145,0.572625816,1.229518498,1.371546347
2000,51,LA.Terrebonne,9,0.383894369,281,14866601.2,1.261915473,0.819193404,0.601543887,1.288096229,1.422727648
2001,52,LA.Terrebonne,9,0.38395676,282,16592354,1.261988974,0.858891232,0.621423996,1.328366263,1.4685906
2002,53,LA.Terrebonne,9,0.468022858,283,16537380.1,1.361025823,0.735007541,0.6015152,1.28803812,1.325467613
2003,54,LA.Terrebonne,9,0.392428485,284,15219189,1.27196937,0.622212485,0.507320485,1.097233115,1.195155341
2004,55,LA.Terrebonne,9,0.433636347,285,11834316,1.320515656,0.509566094,0.471601221,1.024878585,1.065014822
2005,56,LA.Terrebonne,9,0.568438469,286,11353247.4,1.479323756,0.678540383,0.623489426,1.33255009,1.260231034
2006,57,LA.Terrebonne,9,1.010407501,287,11814801.7,2,0.675176235,0.842791868,1.776778872,1.256344429
2007,58,LA.Terrebonne,9,0.47070969,288,11076545.5,1.364191134,0.705897478,0.588303584,1.261276083,1.29183672
2008,59,LA.Terrebonne,9,0.41827171,289,12298144.1,1.302414837,0.716179355,0.567225533,1.218579445,1.303715386
2009,60,LA.Terrebonne,9,0.626846441,290,14537778.9,1.548133201,0.670533582,0.648690012,1.383597518,1.250980766
2010,61,LA.Terrebonne,9,0.465337466,291,6764690.4,1.357862208,0.75446377,0.609900618,1.305023996,1.347945419
2011,62,LA.Terrebonne,9,0.584187995,292,9190692.8,1.497878007,0.660844854,0.622516425,1.330579135,1.239787366
2012,63,LA.Terrebonne,9,0.500018346,293,9496703.3,1.398719166,0.486444492,0.493231419,1.068693676,1.038302406
2013,64,LA.Terrebonne,9,0.359094542,294,9048357.4,1.232699216,0.559544276,0.459319409,1,1.122754679
2014,65,LA.Terrebonne,9,0.591427088,295,10074142.7,1.50640626,0.746350044,0.668888566,1.424512607,1.338571621
2015,66,LA.Terrebonne,9,0.375157579,296,7540575,1.251622808,0.603779709,0.489468644,1.061071632,1.173859932
2016,67,LA.Terrebonne,9,0.665219148,297,8560892,1.593339438,0.453290884,0.559255016,1.202434011,1
1950,1,LA.Verm.Teche,10,,,1749704.4,,,,,
1951,2,LA.Verm.Teche,10,,,1162744.95,,,,,
1952,3,LA.Verm.Teche,10,,,979075.65,,,,,
1953,4,LA.Verm.Teche,10,,,1085541.9,,,,,
1954,5,LA.Verm.Teche,10,,,945860.85,,,,,
1955,6,LA.Verm.Teche,10,,,1443295.2,,,,,
1956,7,LA.Verm.Teche,10,,,1255193.7,,,,,
1957,8,LA.Verm.Teche,10,,,1142679.9,,,,,
1958,9,LA.Verm.Teche,10,,,1246396.05,,,,,
1959,10,LA.Verm.Teche,10,,,1277648.4,,,,,
1960,11,LA.Verm.Teche,10,,,1341634.95,,,,,
1961,12,LA.Verm.Teche,10,,,1589971.65,,,,,
1962,13,LA.Verm.Teche,10,,,1271320.5,,,,,
1963,14,LA.Verm.Teche,10,,,1065583.65,,,,,
1964,15,LA.Verm.Teche,10,,,759841.95,,,,,
1965,16,LA.Verm.Teche,10,,,1239414,,,,,
1966,17,LA.Verm.Teche,10,,,1066077.6,,,,,
1967,18,LA.Verm.Teche,10,,,1009086.45,,,,,
1968,19,LA.Verm.Teche,10,,,1275031.8,,,,,
1969,20,LA.Verm.Teche,10,,,1548853.65,,,,,
1970,21,LA.Verm.Teche,10,,,1368935.7,,,,,
1971,22,LA.Verm.Teche,10,,,1626804.3,,,,,
1972,23,LA.Verm.Teche,10,,,2013540.45,,,,,
1973,24,LA.Verm.Teche,10,,,3081180,,,,,
1974,25,LA.Verm.Teche,10,,,2755426.65,,,,,
1975,26,LA.Verm.Teche,10,,,2288697.3,,,,,
1976,27,LA.Verm.Teche,10,,,2030668.5,,,,,
1977,28,LA.Verm.Teche,10,,,2156599.05,,,,,
1978,29,LA.Verm.Teche,10,,,2012404.098,,,,,
1979,30,LA.Verm.Teche,10,,,2848029.459,,,,,
1980,31,LA.Verm.Teche,10,,,2427393.12,,,,,
1981,32,LA.Verm.Teche,10,,,2167591.707,,,,,
1982,33,LA.Verm.Teche,10,,,2307447.375,,,,,
1983,34,LA.Verm.Teche,10,,,2618736.134,,,,,
1984,35,LA.Verm.Teche,10,0.708298779,298,5200781.5,1.699721418,NA,0.708298779,1.009217738,NA
1985,36,LA.Verm.Teche,10,0.710808667,299,5241424.3,1.703112685,1.359814266,1.035311467,1.637082509,1.425227815
1986,37,LA.Verm.Teche,10,0.864875065,300,5550903.3,1.911281457,1.27533072,1.070102893,1.703882091,1.321988156
1987,38,LA.Verm.Teche,10,0.715189428,301,9191814.3,1.709031806,1.495683308,1.105436368,1.771722407,1.591261015
1988,39,LA.Verm.Teche,10,0.618497292,302,9404221.1,1.578384998,1.830164448,1.22433087,2,2
1989,40,LA.Verm.Teche,10,0.449098412,303,5863329.6,1.349499549,1.583941856,1.016520134,1.601003126,1.699113761
1990,41,LA.Verm.Teche,10,0.574049164,304,6828492.1,1.518328345,1.582494285,1.078271725,1.719566258,1.697344816
1991,42,LA.Verm.Teche,10,0.502219657,305,8971018,1.421274994,1.819841479,1.161030568,1.878463341,1.987385238
1992,43,LA.Verm.Teche,10,0.31664569,306,9086251.7,1.17053437,1.705846908,1.011246299,1.590877356,1.848082839
1993,44,LA.Verm.Teche,10,0.350501301,307,8050713.3,1.216278809,1.248584368,0.799542835,1.18440644,1.289303871
1994,45,LA.Verm.Teche,10,0.281856074,308,6438333.5,1.123527939,1.65049453,0.966175302,1.504340986,1.780441732
1995,46,LA.Verm.Teche,10,0.190432637,309,6482123.3,1,1.69249411,0.941463374,1.456894053,1.831765599
1996,47,LA.Verm.Teche,10,0.294369613,310,7006814.4,1.140435766,1.592225369,0.943297491,1.46041556,1.709236289
1997,48,LA.Verm.Teche,10,0.281617096,311,7628042.2,1.12320504,1.340711138,0.811164117,1.206719316,1.401883619
1998,49,LA.Verm.Teche,10,0.242823307,312,7635143,1.07078832,1.729568854,0.986196081,1.542780906,1.877071272
1999,50,LA.Verm.Teche,10,0.264194366,313,4610177.9,1.099664097,1.309270942,0.786732654,1.159810876,1.363463414
2000,51,LA.Verm.Teche,10,0.590686419,314,7018825.1,1.540807984,1.248363389,0.919524904,1.414772163,1.289033833
2001,52,LA.Verm.Teche,10,0.268802644,315,4598508.4,1.105890631,1.460502878,0.864652761,1.309417579,1.548270211
2002,53,LA.Verm.Teche,10,0.343296839,316,5015584.5,1.206544409,1.194408978,0.768852909,1.125481743,1.223101053
2003,54,LA.Verm.Teche,10,0.371161601,317,4859350.6,1.244194236,1.352604107,0.861882854,1.304099355,1.416416935
2004,55,LA.Verm.Teche,10,0.316200328,318,4843590.6,1.169932614,1.090795426,0.703497877,1,1.096484354
2005,56,LA.Verm.Teche,10,0.696879753,319,4839222.6,1.684292456,1.434128803,1.065504278,1.695052744,1.516040852
2006,57,LA.Verm.Teche,10,0.927179476,320,7119543.5,1.995464853,1.452058108,1.189618792,1.933352767,1.537950625
2007,58,LA.Verm.Teche,10,0.557014222,321,4616369.3,1.495311367,1.240198931,0.898606577,1.374608949,1.279056791
2008,59,LA.Verm.Teche,10,0.493553178,322,4319002.2,1.409565171,1.188527677,0.841040428,1.26408187,1.21591405
2009,60,LA.Verm.Teche,10,0.693423306,323,5811046.3,1.679622234,1.203320511,0.948371909,1.470158449,1.233991027
2010,61,LA.Verm.Teche,10,0.456448145,324,3600836.5,1.359430234,1.183548075,0.81999811,1.223680594,1.209828931
2011,62,LA.Verm.Teche,10,0.930535953,325,5234461.1,2,1.011839912,0.971187933,1.513965243,1
2012,63,LA.Verm.Teche,10,0.344825272,326,5361577,1.208609571,1.387652711,0.866238992,1.312463145,1.459246647
2013,64,LA.Verm.Teche,10,0.298340526,327,3641767.4,1.145801115,1.308784088,0.803562307,1.192123831,1.362868474
2014,65,LA.Verm.Teche,10,0.802616514,328,4366144.4,1.827160025,1.400458424,1.101537469,1.764236516,1.474895344
2015,66,LA.Verm.Teche,10,0.238140933,329,4020945.7,1.06446167,1.589183476,0.913662205,1.403515773,1.705519068
2016,67,LA.Verm.Teche,10,0.358435618,330,3968150.1,1.226999363,1.382197442,0.87031653,1.320292023,1.452580258
1950,1,MS,11,,,4040100,,,,,
1951,2,MS,11,,,1623100,,,,,
1952,3,MS,11,,,1725900,,,,,
1953,4,MS,11,,,1412400,,,,,
1954,5,MS,11,,,1256200,,,,,
1955,6,MS,11,,,1763000,,,,,
1956,7,MS,11,,,1979200,,,,,
1957,8,MS,11,,,2400300,,,,,
1958,9,MS,11,,,2123400,,,,,
1959,10,MS,11,,,3003100,,,,,
1960,11,MS,11,,,2811500,,,,,
1961,12,MS,11,,,2504900,,,,,
1962,13,MS,11,,,907400,,,,,
1963,14,MS,11,,,1112000,,,,,
1964,15,MS,11,,,1286000,,,,,
1965,16,MS,11,,,1692100,,,,,
1966,17,MS,11,,,1457600,,,,,
1967,18,MS,11,,,1015100,,,,,
1968,19,MS,11,,,1136400,,,,,
1969,20,MS,11,,,1740300,,,,,
1970,21,MS,11,,,2027400,,,,,
1971,22,MS,11,,,1259200,,,,,
1972,23,MS,11,,,1362400,,,,,
1973,24,MS,11,,,1814500,,,,,
1974,25,MS,11,,,1667000,,,,,
1975,26,MS,11,,,1136600,,,,,
1976,27,MS,11,,,1334500,,,,,
1977,28,MS,11,,,1918600,,,,,
1978,29,MS,11,,,1940100,,,,,
1979,30,MS,11,,,1312650,,,,,
1980,31,MS,11,,,2759600,,,,,
1981,32,MS,11,,,1866550,,,,,
1982,33,MS,11,,,1297100,,,,,
1983,34,MS,11,,,1139690,,,,,
1984,35,MS,11,0.346901698,364,2250342,1.461189814,NA,0.346901698,1.453539968,NA
1985,36,MS,11,0.179102434,365,1648901,1.234078327,0.19042588,0.184764157,1.224507316,1.19449
1986,37,MS,11,0.358203226,366,1302812,1.476486108,0.588611752,0.473407489,1.632239834,1.589520888
1987,38,MS,11,0.236698681,367,1374048,1.312033194,0.63000116,0.433349921,1.575655215,1.630582352
1988,39,MS,11,0.283701229,368,862872,1.375649793,0.624747812,0.454224521,1.605142309,1.625370628
1989,40,MS,11,0.74499672,369,650579,2,0.722510205,0.733753463,2,1.722358411
1990,41,MS,11,0.418844771,370,390284,1.558562699,0.768728657,0.593786714,1.80228542,1.768210656
1991,42,MS,11,0.01367792,371,453745,1.010180995,1.002369227,0.508023574,1.68113791,2
1992,43,MS,11,0.123726259,372,443165,1.159128263,0.589818887,0.356772573,1.467483393,1.590718459
1993,44,MS,11,0.134094386,373,252975,1.173161226,0.264678892,0.199386639,1.245162778,1.268154676
1994,45,MS,11,0.203007945,374,170774,1.26643375,0.249456731,0.226232338,1.283084542,1.253053126
1995,46,MS,11,0.185002632,375,318557,1.242064075,0.529326398,0.357164515,1.468037044,1.530705275
1996,47,MS,11,0.488991569,376,407042,1.653504376,0.942074244,0.715532907,1.974261962,1.940182758
1997,48,MS,11,0.466832545,377,682945,1.623512773,0.606052512,0.536442529,1.721282028,1.606823458
1998,49,MS,11,0.193876168,378,591825,1.254074152,0.810003724,0.501939946,1.672544284,1.809158685
1999,50,MS,11,0.137452841,379,920277,1.177706798,0.491076814,0.314264828,1.407437697,1.492758758
2000,51,MS,11,0.204065436,380,838898,1.267865033,0.336100668,0.270083052,1.345027293,1.339010549
2001,52,MS,11,0.418164049,381,432223,1.557641361,0.217990542,0.318077296,1.412823122,1.221836256
2002,53,MS,11,0.151062701,382,715814,1.196127353,0.1918212,0.171441951,1.205688601,1.195874264
2003,54,MS,11,0.131860005,383,875125,1.170137055,0.322163609,0.227011807,1.284185607,1.325183919
2004,55,MS,11,0.203390455,384,811498,1.266951466,0.47565088,0.339520668,1.443113654,1.47745505
2005,56,MS,11,0.087389353,385,428620,1.109947304,0.212174689,0.149782021,1.175092163,1.216066484
2006,57,MS,11,0.141851322,386,1126806,1.183660016,0.293684508,0.217767915,1.271127847,1.296930469
2007,58,MS,11,0.194929454,387,737442,1.255499744,0.480975393,0.337952424,1.44089838,1.482737374
2008,59,MS,11,0.023608688,388,450037,1.023622005,0.381176278,0.202392483,1.249408781,1.383729007
2009,60,MS,11,0.103465971,389,545328,1.131706545,0.207538183,0.155502077,1.183172214,1.211466715
2010,61,MS,11,0.260308528,390,366334,1.343988444,-0.005617448,0.12734554,1.143398782,1
2011,62,MS,11,0.032701235,391,369786,1.035928506,0.018959178,0.025830207,1,1.024381896
2012,63,MS,11,0.074582338,392,782114,1.092613377,0.064061616,0.069321977,1.061435713,1.069126969
2013,64,MS,11,0.023671714,393,359254,1.023707308,0.063601872,0.043636793,1.025153272,1.068670868
2014,65,MS,11,0.040825542,394,570329,1.046924522,0.209033279,0.124929411,1.139985801,1.212949965
2015,66,MS,11,0.006155784,395,795365,1,0.065498398,0.035827091,1.014121423,1.070552367
2016,67,MS,11,0.069438557,396,766637,1.085651417,0.108037189,0.088737873,1.088862268,1.112754107
1950,1,TX,12,,,387300,,,,,
1951,2,TX,12,,,279800,,,,,
1952,3,TX,12,,,337800,,,,,
1953,4,TX,12,,,432500,,,,,
1954,5,TX,12,,,379200,,,,,
1955,6,TX,12,,,355700,,,,,
1956,7,TX,12,,,195400,,,,,
1957,8,TX,12,,,201400,,,,,
1958,9,TX,12,,,569900,,,,,
1959,10,TX,12,,,1192400,,,,,
1960,11,TX,12,,,2866500,,,,,
1961,12,TX,12,,,2874600,,,,,
1962,13,TX,12,,,4472800,,,,,
1963,14,TX,12,,,2980400,,,,,
1964,15,TX,12,,,2484300,,,,,
1965,16,TX,12,,,3622200,,,,,
1966,17,TX,12,,,2777700,,,,,
1967,18,TX,12,,,2624800,,,,,
1968,19,TX,12,,,4083600,,,,,
1969,20,TX,12,,,6342700,,,,,
1970,21,TX,12,,,5525400,,,,,
1971,22,TX,12,,,5809600,,,,,
1972,23,TX,12,,,6464400,,,,,
1973,24,TX,12,,,6881100,,,,,
1974,25,TX,12,,,6087600,,,,,
1975,26,TX,12,,,5991500,,,,,
1976,27,TX,12,,,6668400,,,,,
1977,28,TX,12,,,8248600,,,,,
1978,29,TX,12,,,7469558,,,,,
1979,30,TX,12,,,8311504,,,,,
1980,31,TX,12,,,8952894,,,,,
1981,32,TX,12,,,6951964,,,,,
1982,33,TX,12,,,8009874,,,,,
1983,34,TX,12,,,8829079,,,,,
1984,35,TX,12,0.638605709,397,7228588,1.876084152,NA,0.638605709,2,NA
1985,36,TX,12,0.684044042,398,9721960,1.96453794,0.470672232,0.577358137,1.854780513,1.501356667
1986,37,TX,12,0.555163616,399,9481932,1.713649295,0.640897601,0.598030609,1.903795448,1.879374243
1987,38,TX,12,0.610581481,400,11687671,1.821530014,0.392015819,0.50129865,1.674441614,1.326685248
1988,39,TX,12,0.452339322,401,10428182,1.51348354,0.385534083,0.418936703,1.479159428,1.31229133
1989,40,TX,12,0.33570694,402,9123291,1.286437889,0.576906364,0.456306652,1.567764489,1.737269618
1990,41,TX,12,0.446964124,403,8598652,1.503019762,0.57934415,0.513154137,1.702551263,1.742683182
1991,42,TX,12,0.423691772,404,6123207,1.457715995,0.530237553,0.476964663,1.616745137,1.63363271
1992,43,TX,12,0.427165774,405,6160647,1.464478757,0.589146692,0.508156233,1.69070111,1.764451577
1993,44,TX,12,0.598003591,406,8286418,1.797044917,0.675388229,0.63669591,1.99547182,1.955967196
1994,45,TX,12,0.403684759,407,5154397,1.41876879,0.452334333,0.428009546,1.50067136,1.460633899
1995,46,TX,12,0.188565019,408,5786967,1,0.490355233,0.339460126,1.290718525,1.545066487
1996,47,TX,12,0.298523355,409,6310672,1.214053435,0.394290498,0.346406927,1.30718956,1.331736603
1997,48,TX,12,0.320268012,410,7083790,1.256383273,0.284157293,0.302212653,1.202403858,1.087165024
1998,49,TX,12,0.41318377,411,6988544,1.437260302,0.305339284,0.359261527,1.33766813,1.134203635
1999,50,TX,12,0.21728392,412,6472115,1.055906443,0.371476825,0.294380373,1.183833331,1.281074534
2000,51,TX,12,0.188788209,413,4653306,1.000434479,0.244905948,0.216847079,1,1
2001,52,TX,12,0.562187996,414,5163132,1.727323499,0.429457686,0.495822841,1.661458337,1.409831984
2002,53,TX,12,0.596965133,415,7037012,1.795023374,0.457665087,0.52731511,1.736127275,1.472471845
2003,54,TX,12,0.702260751,416,4811275,2,0.569928931,0.636094841,1.994046671,1.72177491
2004,55,TX,12,0.554008264,417,3960838,1.711400197,0.58906783,0.571538047,1.840980937,1.764276449
2005,56,TX,12,0.358276775,418,3119000,1.330374082,0.695216673,0.526746724,1.734779618,2
2006,57,TX,12,0.343187172,419,1965694,1.300999489,0.543877908,0.44353254,1.537476758,1.663923694
2007,58,TX,12,0.670241289,420,3453692,1.937668429,0.545596937,0.607919113,1.927241332,1.667741123
2008,59,TX,12,0.672246433,421,2635100,1.941571798,0.415785789,0.544016111,1.775725756,1.379470955
2009,60,TX,12,0.555473763,422,2844263,1.714253051,0.599080259,0.577277011,1.854588161,1.786510939
2010,61,TX,12,0.516964724,423,3436017,1.639288366,0.562799381,0.539882053,1.765923803,1.705942398
2011,62,TX,12,0.454399341,424,2892587,1.517493733,0.359759689,0.407079515,1.451045746,1.25505442
2012,63,TX,12,0.288679497,425,2853451,1.194890617,0.623790829,0.456235163,1.567594987,1.841385426
2013,64,TX,12,0.211340634,426,1901921,1.044336781,0.578237252,0.394788943,1.4219045,1.740225106
2014,65,TX,12,0.252410948,427,2234470,1.124287443,0.397269878,0.324840413,1.256054829,1.338352878
2015,66,TX,12,0.608410831,428,4331087,1.817304458,0.46786926,0.538140046,1.761793462,1.495132138
2016,67,TX,12,0.568799845,429,4990124,1.740194637,0.500343966,0.534571906,1.753333315,1.567248355
